Parameter,Value
MSE,0.005714285714285714
MAE,0.002857142857142857
R-SQUARED,0.9996566887334071
RMSE,0.07559289460184544
ACCURACY,0.9985714285714286
