Parameter,Value
MSE,0.8278571428571428
MAE,0.205
R-SQUARED,0.9491941960271151
RMSE,0.9098665522246341
ACCURACY,0.9335714285714286
