Parameter,Value
MSE,0.2785714285714286
MAE,0.07714285714285714
R-SQUARED,0.982778932174572
RMSE,0.5277986629117476
ACCURACY,0.97
